{
    "loss": 6.711172021845336,
    "accuracy": 0.5483870999787444
}