{
    "loss": 18.23684407305974,
    "accuracy": 0.5161290361035255
}